Empresa,Regional,Ano,Mes,Chuva,Raio(NS)
E1,,2021,1,165,2333
E1,,2021,2,349,7761
E1,,2021,3,272,4547
E1,,2021,4,158,4540
E1,,2021,5,54,597
E1,,2021,6,16,742
E1,,2021,7,13,645
E1,,2021,8,13,4190
E1,,2021,9,49,17247
E1,,2021,10,125,16954
E1,,2021,11,230,9437
E1,,2021,12,374,33804
E1,,2021,1,276,22033
E1,,2021,2,356,75387
E1,,2021,3,447,26546
E1,,2021,4,138,13156
E1,,2021,5,95,15004
E1,,2021,6,63,7450
E1,,2021,7,30,9785
E1,,2021,8,39,33210
E1,,2021,9,131,63551
E1,,2021,10,115,109196
E1,,2021,11,239,71824
E1,,2021,12,204,75525
E1,,2021,1,202,13078
E1,,2021,2,368,41332
E1,,2021,3,267,17746
E1,,2021,4,169,18389
E1,,2021,5,55,5989
E1,,2021,6,25,6446
E1,,2021,7,18,3316
E1,,2021,8,4,13542
E1,,2021,9,58,65673
E1,,2021,10,134,73869
E1,,2021,11,182,51900
E1,,2021,12,281,89368
E2,,2021,1,196,1807
E2,,2021,2,223,3024
E2,,2021,3,137,4353
E2,,2021,4,78,1261
E2,,2021,5,2,11
E2,,2021,6,19,0
E2,,2021,7,0,0
E2,,2021,8,31,187
E2,,2021,9,32,285
E2,,2021,10,274,1746
E2,,2021,11,174,537
E2,,2021,12,293,919
E2,,2021,1,202,7093
E2,,2021,2,266,8492
E2,,2021,3,100,11915
E2,,2021,4,72,2504
E2,,2021,5,10,952
E2,,2021,6,25,15
E2,,2021,7,1,0
E2,,2021,8,34,371
E2,,2021,9,45,3127
E2,,2021,10,282,6616
E2,,2021,11,173,3637
E2,,2021,12,322,8613
E2,,2021,1,129,1860
E2,,2021,2,366,1821
E2,,2021,3,110,1735
E2,,2021,4,39,559
E2,,2021,5,9,0
E2,,2021,6,19,1
E2,,2021,7,0,0
E2,,2021,8,6,0
E2,,2021,9,16,304
E2,,2021,10,171,769
E2,,2021,11,233,683
E2,,2021,12,163,1988
E2,,2021,1,142,4925
E2,,2021,2,224,2455
E2,,2021,3,93,2958
E2,,2021,4,56,1172
E2,,2021,5,3,107
E2,,2021,6,13,0
E2,,2021,7,0,0
E2,,2021,8,10,185
E2,,2021,9,18,45
E2,,2021,10,200,3805
E2,,2021,11,198,643
E2,,2021,12,220,2374
E2,,2021,1,116,1174
E2,,2021,2,281,1382
E2,,2021,3,126,2890
E2,,2021,4,104,22
E2,,2021,5,94,218
E2,,2021,6,36,0
E2,,2021,7,20,0
E2,,2021,8,53,143
E2,,2021,9,55,173
E2,,2021,10,227,664
E2,,2021,11,158,15
E2,,2021,12,224,1560
E2,,2021,1,143,2151
E2,,2021,2,150,4146
E2,,2021,3,135,6205
E2,,2021,4,53,2855
E2,,2021,5,2,76
E2,,2021,6,21,5
E2,,2021,7,1,0
E2,,2021,8,21,127
E2,,2021,9,17,476
E2,,2021,10,243,4306
E2,,2021,11,217,1437
E2,,2021,12,240,2209
E8,,2021,1,183,185474
E8,,2021,2,104,120854
E8,,2021,3,120,56613
E8,,2021,4,18,18467
E8,,2021,5,38,38267
E8,,2021,6,24,5098
E8,,2021,7,1,26
E8,,2021,8,11,9813
E8,,2021,9,44,47034
E8,,2021,10,174,222904
E8,,2021,11,177,170228
E8,,2021,12,221,141981
E8,,2021,1,162,170093
E8,,2021,2,62,191171
E8,,2021,3,69,109975
E8,,2021,4,32,65114
E8,,2021,5,20,33333
E8,,2021,6,31,54348
E8,,2021,7,2,95
E8,,2021,8,18,44755
E8,,2021,9,24,55035
E8,,2021,10,100,206845
E8,,2021,11,95,367759
E8,,2021,12,164,348700
E8,,2021,1,189,98069
E8,,2021,2,77,77968
E8,,2021,3,91,46351
E8,,2021,4,14,8669
E8,,2021,5,19,44807
E8,,2021,6,37,45991
E8,,2021,7,25,2039
E8,,2021,8,29,15242
E8,,2021,9,31,36592
E8,,2021,10,319,177946
E8,,2021,11,68,103694
E8,,2021,12,55,30952
E9,,2021,1,177,319536
E9,,2021,2,313,136079
E9,,2021,3,215,117965
E9,,2021,4,96,127460
E9,,2021,5,21,15207
E9,,2021,6,2,176
E9,,2021,7,0,0
E9,,2021,8,0,413
E9,,2021,9,60,209362
E9,,2021,10,187,558266
E9,,2021,11,243,299176
E9,,2021,12,253,166753
E9,,2021,1,95,55697
E9,,2021,2,97,76949
E9,,2021,3,180,58193
E9,,2021,4,100,55311
E9,,2021,5,13,3426
E9,,2021,6,6,4041
E9,,2021,7,0,3
E9,,2021,8,1,1414
E9,,2021,9,53,37484
E9,,2021,10,69,107112
E9,,2021,11,191,109790
E9,,2021,12,274,203297
E9,,2021,1,105,73232
E9,,2021,2,110,67231
E9,,2021,3,158,39505
E9,,2021,4,41,30983
E9,,2021,5,14,3839
E9,,2021,6,6,1951
E9,,2021,7,0,0
E9,,2021,8,1,517
E9,,2021,9,46,40138
E9,,2021,10,100,138166
E9,,2021,11,214,111331
E9,,2021,12,247,127925
E9,,2021,1,142,110876
E9,,2021,2,116,72104
E9,,2021,3,144,55327
E9,,2021,4,35,39833
E9,,2021,5,51,34395
E9,,2021,6,5,301
E9,,2021,7,0,0
E9,,2021,8,1,1863
E9,,2021,9,26,67078
E9,,2021,10,106,244192
E9,,2021,11,216,140255
E9,,2021,12,255,102054
E9,,2021,1,187,193693
E9,,2021,2,361,120487
E9,,2021,3,242,111350
E9,,2021,4,135,107744
E9,,2021,5,24,14323
E9,,2021,6,5,6442
E9,,2021,7,1,137
E9,,2021,8,3,11030
E9,,2021,9,119,302921
E9,,2021,10,123,469890
E9,,2021,11,292,241088
E9,,2021,12,332,163465
E9,,2021,1,131,121558
E9,,2021,2,204,172494
E9,,2021,3,194,112849
E9,,2021,4,104,114794
E9,,2021,5,26,15053
E9,,2021,6,4,5607
E9,,2021,7,0,19
E9,,2021,8,3,11391
E9,,2021,9,81,214836
E9,,2021,10,131,444143
E9,,2021,11,212,191349
E9,,2021,12,305,269598
E5,,2021,1,4,58
E5,,2021,2,56,8762
E5,,2021,3,80,5074
E5,,2021,4,112,2660
E5,,2021,5,101,45
E5,,2021,6,38,10
E5,,2021,7,61,0
E5,,2021,8,76,0
E5,,2021,9,7,0
E5,,2021,10,16,0
E5,,2021,11,4,16
E5,,2021,12,64,221
E5,,2021,1,2,1
E5,,2021,2,32,202
E5,,2021,3,81,677
E5,,2021,4,80,59
E5,,2021,5,105,19
E5,,2021,6,42,0
E5,,2021,7,55,0
E5,,2021,8,68,0
E5,,2021,9,5,0
E5,,2021,10,16,0
E5,,2021,11,3,0
E5,,2021,12,55,16
E5,,2021,1,7,0
E5,,2021,2,128,172
E5,,2021,3,109,293
E5,,2021,4,129,117
E5,,2021,5,229,9
E5,,2021,6,60,2
E5,,2021,7,85,0
E5,,2021,8,115,0
E5,,2021,9,12,0
E5,,2021,10,20,0
E5,,2021,11,15,3
E5,,2021,12,34,12
E5,,2021,1,51,6668
E5,,2021,2,133,21546
E5,,2021,3,124,23665
E5,,2021,4,185,9484
E5,,2021,5,75,2148
E5,,2021,6,13,7
E5,,2021,7,17,431
E5,,2021,8,5,0
E5,,2021,9,9,62
E5,,2021,10,8,831
E5,,2021,11,13,3414
E5,,2021,12,83,4423
E7,,2021,1,286,29558
E7,,2021,2,112,33922
E7,,2021,3,173,27236
E7,,2021,4,75,34745
E7,,2021,5,7,5819
E7,,2021,6,15,4384
E7,,2021,7,109,19
E7,,2021,8,32,10869
E7,,2021,9,0,82562
E7,,2021,10,0,103548
E7,,2021,11,0,73836
E7,,2021,12,0,55713
E7,,2021,1,270,33930
E7,,2021,2,62,30085
E7,,2021,3,182,44424
E7,,2021,4,51,52457
E7,,2021,5,16,11550
E7,,2021,6,5,18184
E7,,2021,7,124,882
E7,,2021,8,33,18617
E7,,2021,9,0,118765
E7,,2021,10,0,134319
E7,,2021,11,0,110457
E7,,2021,12,0,71863
E7,,2021,1,249,42568
E7,,2021,2,90,69771
E7,,2021,3,91,60869
E7,,2021,4,77,51402
E7,,2021,5,3,10662
E7,,2021,6,28,5037
E7,,2021,7,86,730
E7,,2021,8,36,4761
E7,,2021,9,0,103338
E7,,2021,10,0,140959
E7,,2021,11,0,133434
E7,,2021,12,0,143207
E4,,2021,1,47,361
E4,,2021,2,10,2
E4,,2021,3,45,125
E4,,2021,4,114,230
E4,,2021,5,166,0
E4,,2021,6,71,0
E4,,2021,7,151,1
E4,,2021,8,72,0
E4,,2021,9,33,0
E4,,2021,10,32,1
E4,,2021,11,36,2117
E4,,2021,12,136,1213
E4,,2021,1,21,1083
E4,,2021,2,8,130
E4,,2021,3,24,312
E4,,2021,4,71,1717
E4,,2021,5,113,8
E4,,2021,6,57,14
E4,,2021,7,93,0
E4,,2021,8,41,0
E4,,2021,9,28,0
E4,,2021,10,23,329
E4,,2021,11,62,11306
E4,,2021,12,161,6699
E3,,2021,1,226,24494
E3,,2021,2,71,5128
E3,,2021,3,163,14943
E3,,2021,4,10,1422
E3,,2021,5,38,2036
E3,,2021,6,36,458
E3,,2021,7,5,349
E3,,2021,8,17,559
E3,,2021,9,36,5840
E3,,2021,10,153,16719
E3,,2021,11,109,6024
E3,,2021,12,116,4277
E3,,2021,1,196,5761
E3,,2021,2,163,6166
E3,,2021,3,119,3986
E3,,2021,4,10,29
E3,,2021,5,23,429
E3,,2021,6,31,30
E3,,2021,7,29,30
E3,,2021,8,10,240
E3,,2021,9,16,1292
E3,,2021,10,199,4816
E3,,2021,11,127,2309
E3,,2021,12,137,3823
E3,,2021,1,64,4559
E3,,2021,2,75,3735
E3,,2021,3,98,1445
E3,,2021,4,19,843
E3,,2021,5,6,99
E3,,2021,6,12,0
E3,,2021,7,0,0
E3,,2021,8,3,57
E3,,2021,9,31,986
E3,,2021,10,257,4263
E3,,2021,11,112,3109
E3,,2021,12,142,1773
E3,,2021,1,197,16747
E3,,2021,2,62,9148
E3,,2021,3,127,5347
E3,,2021,4,8,784
E3,,2021,5,12,1411
E3,,2021,6,51,1213
E3,,2021,7,2,0
E3,,2021,8,22,651
E3,,2021,9,22,5683
E3,,2021,10,133,12740
E3,,2021,11,74,3073
E3,,2021,12,75,6405
E3,,2021,1,221,2086
E3,,2021,2,53,451
E3,,2021,3,160,4347
E3,,2021,4,9,13
E3,,2021,5,73,743
E3,,2021,6,92,76
E3,,2021,7,31,218
E3,,2021,8,35,415
E3,,2021,9,55,1701
E3,,2021,10,247,2898
E3,,2021,11,73,2821
E3,,2021,12,40,2207
E6,,2021,1,136,133233
E6,,2021,2,278,59888
E6,,2021,3,229,150553
E6,,2021,4,144,85143
E6,,2021,5,27,15062
E6,,2021,6,13,5549
E6,,2021,7,5,671
E6,,2021,8,2,1994
E6,,2021,9,62,92777
E6,,2021,10,187,255107
E6,,2021,11,251,199625
E6,,2021,12,307,134313
E6,,2021,1,86,184635
E6,,2021,2,294,65077
E6,,2021,3,72,118458
E6,,2021,4,54,62368
E6,,2021,5,1,122
E6,,2021,6,1,58
E6,,2021,7,0,0
E6,,2021,8,0,3
E6,,2021,9,16,68754
E6,,2021,10,112,241301
E6,,2021,11,207,134934
E6,,2021,12,323,59680
E6,,2021,1,156,338247
E6,,2021,2,300,79287
E6,,2021,3,205,206250
E6,,2021,4,135,88507
E6,,2021,5,8,9063
E6,,2021,6,1,547
E6,,2021,7,0,0
E6,,2021,8,0,270
E6,,2021,9,26,81350
E6,,2021,10,142,292915
E6,,2021,11,327,243094
E6,,2021,12,333,96333
E1,,2022,1,159,19809
E1,,2022,2,250,3296
E1,,2022,3,192,1118
E1,,2022,4,42,3176
E1,,2022,5,31,2584
E1,,2022,6,29,2975
E1,,2022,7,15,1584
E1,,2022,8,61,11953
E1,,2022,9,66,15617
E1,,2022,10,138,38978
E1,,2022,11,96,16816
E1,,2022,12,0,14341
E1,,2022,1,151,101854
E1,,2022,2,199,2009
E1,,2022,3,177,6012
E1,,2022,4,108,12418
E1,,2022,5,90,7834
E1,,2022,6,52,5301
E1,,2022,7,41,17060
E1,,2022,8,58,33717
E1,,2022,9,84,98837
E1,,2022,10,141,134744
E1,,2022,11,107,87291
E1,,2022,12,0,76002
E1,,2022,1,182,84482
E1,,2022,2,169,7452
E1,,2022,3,255,4555
E1,,2022,4,78,12505
E1,,2022,5,30,7230
E1,,2022,6,41,4623
E1,,2022,7,6,3858
E1,,2022,8,37,31325
E1,,2022,9,51,68609
E1,,2022,10,132,148931
E1,,2022,11,124,102943
E1,,2022,12,0,47960
E2,,2022,1,348,2355
E2,,2022,2,358,5059
E2,,2022,3,61,989
E2,,2022,4,36,415
E2,,2022,5,27,172
E2,,2022,6,3,0
E2,,2022,7,0,0
E2,,2022,8,1,0
E2,,2022,9,56,32
E2,,2022,10,106,2072
E2,,2022,11,276,3874
E2,,2022,12,270,1005
E2,,2022,1,304,12912
E2,,2022,2,281,19940
E2,,2022,3,37,2464
E2,,2022,4,47,3898
E2,,2022,5,20,638
E2,,2022,6,3,0
E2,,2022,7,1,14
E2,,2022,8,4,0
E2,,2022,9,58,1662
E2,,2022,10,72,6569
E2,,2022,11,182,10094
E2,,2022,12,228,2997
E2,,2022,1,223,1973
E2,,2022,2,210,4856
E2,,2022,3,34,477
E2,,2022,4,31,499
E2,,2022,5,7,6
E2,,2022,6,2,0
E2,,2022,7,1,0
E2,,2022,8,0,0
E2,,2022,9,24,133
E2,,2022,10,94,5130
E2,,2022,11,225,3103
E2,,2022,12,215,1702
E2,,2022,1,280,3751
E2,,2022,2,383,3987
E2,,2022,3,36,229
E2,,2022,4,62,1948
E2,,2022,5,24,374
E2,,2022,6,10,0
E2,,2022,7,0,0
E2,,2022,8,2,0
E2,,2022,9,49,6
E2,,2022,10,157,2285
E2,,2022,11,316,2918
E2,,2022,12,306,876
E2,,2022,1,211,1113
E2,,2022,2,266,1595
E2,,2022,3,124,1099
E2,,2022,4,75,771
E2,,2022,5,23,28
E2,,2022,6,7,0
E2,,2022,7,3,69
E2,,2022,8,111,0
E2,,2022,9,125,438
E2,,2022,10,59,244
E2,,2022,11,276,949
E2,,2022,12,345,423
E2,,2022,1,342,2556
E2,,2022,2,339,5076
E2,,2022,3,43,985
E2,,2022,4,43,2223
E2,,2022,5,31,459
E2,,2022,6,3,0
E2,,2022,7,0,0
E2,,2022,8,0,0
E2,,2022,9,36,68
E2,,2022,10,115,5477
E2,,2022,11,229,6171
E2,,2022,12,172,1762
E8,,2022,1,140,146583
E8,,2022,2,105,80189
E8,,2022,3,158,66711
E8,,2022,4,45,52553
E8,,2022,5,22,39270
E8,,2022,6,57,18859
E8,,2022,7,2,235
E8,,2022,8,79,37969
E8,,2022,9,125,143782
E8,,2022,10,92,198402
E8,,2022,11,62,78073
E8,,2022,12,0,199282
E8,,2022,1,102,347465
E8,,2022,2,89,147436
E8,,2022,3,210,102995
E8,,2022,4,39,86569
E8,,2022,5,53,71950
E8,,2022,6,58,55364
E8,,2022,7,9,735
E8,,2022,8,82,105074
E8,,2022,9,93,278971
E8,,2022,10,102,458089
E8,,2022,11,75,218922
E8,,2022,12,0,330675
E8,,2022,1,110,97996
E8,,2022,2,60,60560
E8,,2022,3,253,61314
E8,,2022,4,63,111718
E8,,2022,5,96,29686
E8,,2022,6,100,25307
E8,,2022,7,8,1735
E8,,2022,8,134,94062
E8,,2022,9,152,93855
E8,,2022,10,182,240302
E8,,2022,11,94,84936
E8,,2022,12,0,134113
E9,,2022,1,294,248026
E9,,2022,2,206,196332
E9,,2022,3,156,117477
E9,,2022,4,32,80358
E9,,2022,5,5,3670
E9,,2022,6,3,577
E9,,2022,7,0,0
E9,,2022,8,2,0
E9,,2022,9,30,117331
E9,,2022,10,96,463820
E9,,2022,11,148,493317
E9,,2022,12,0,183220
E9,,2022,1,195,151525
E9,,2022,2,205,69372
E9,,2022,3,221,42263
E9,,2022,4,35,26754
E9,,2022,5,6,2742
E9,,2022,6,53,22028
E9,,2022,7,0,0
E9,,2022,8,39,960
E9,,2022,9,44,72457
E9,,2022,10,112,256370
E9,,2022,11,83,155627
E9,,2022,12,0,111944
E9,,2022,1,202,179005
E9,,2022,2,228,71953
E9,,2022,3,267,41061
E9,,2022,4,50,17782
E9,,2022,5,2,665
E9,,2022,6,50,7178
E9,,2022,7,0,0
E9,,2022,8,42,3478
E9,,2022,9,39,77344
E9,,2022,10,97,121955
E9,,2022,11,67,52714
E9,,2022,12,0,121875
E9,,2022,1,196,123130
E9,,2022,2,202,83298
E9,,2022,3,187,43745
E9,,2022,4,22,21638
E9,,2022,5,2,1122
E9,,2022,6,27,1338
E9,,2022,7,0,0
E9,,2022,8,21,32
E9,,2022,9,37,96565
E9,,2022,10,123,191286
E9,,2022,11,83,99986
E9,,2022,12,0,116323
E9,,2022,1,194,222975
E9,,2022,2,233,129584
E9,,2022,3,264,106816
E9,,2022,4,42,86484
E9,,2022,5,4,11974
E9,,2022,6,14,8842
E9,,2022,7,0,0
E9,,2022,8,5,15332
E9,,2022,9,42,208926
E9,,2022,10,188,653011
E9,,2022,11,165,253817
E9,,2022,12,0,189156
E9,,2022,1,235,342891
E9,,2022,2,247,143380
E9,,2022,3,213,84181
E9,,2022,4,28,41754
E9,,2022,5,3,8812
E9,,2022,6,47,19019
E9,,2022,7,0,5
E9,,2022,8,23,2246
E9,,2022,9,33,231485
E9,,2022,10,134,576053
E9,,2022,11,83,264779
E9,,2022,12,0,209477
E5,,2022,1,74,9802
E5,,2022,2,23,2941
E5,,2022,3,241,8386
E5,,2022,4,67,3674
E5,,2022,5,164,1237
E5,,2022,6,143,132
E5,,2022,7,174,35
E5,,2022,8,51,3
E5,,2022,9,17,0
E5,,2022,10,6,94
E5,,2022,11,50,1679
E5,,2022,12,0,172
E5,,2022,1,68,200
E5,,2022,2,16,9
E5,,2022,3,246,148
E5,,2022,4,62,16
E5,,2022,5,197,189
E5,,2022,6,147,5
E5,,2022,7,164,2
E5,,2022,8,59,0
E5,,2022,9,13,0
E5,,2022,10,3,0
E5,,2022,11,36,9
E5,,2022,12,0,34
E5,,2022,1,94,1341
E5,,2022,2,27,148
E5,,2022,3,229,232
E5,,2022,4,67,70
E5,,2022,5,332,122
E5,,2022,6,235,3
E5,,2022,7,293,1
E5,,2022,8,74,0
E5,,2022,9,29,0
E5,,2022,10,9,0
E5,,2022,11,35,1
E5,,2022,12,0,0
E5,,2022,1,160,45198
E5,,2022,2,35,11845
E5,,2022,3,207,31016
E5,,2022,4,68,15790
E5,,2022,5,69,4192
E5,,2022,6,58,1291
E5,,2022,7,11,56
E5,,2022,8,28,284
E5,,2022,9,1,3
E5,,2022,10,6,226
E5,,2022,11,75,6564
E5,,2022,12,0,2803
E7,,2022,1,219,81699
E7,,2022,2,85,37437
E7,,2022,3,54,24442
E7,,2022,4,104,17938
E7,,2022,5,1,4906
E7,,2022,6,85,5776
E7,,2022,7,148,53
E7,,2022,8,74,83528
E7,,2022,9,0,94819
E7,,2022,10,0,200511
E7,,2022,11,0,109491
E7,,2022,12,0,45935
E7,,2022,1,171,123962
E7,,2022,2,72,45998
E7,,2022,3,109,30170
E7,,2022,4,80,32314
E7,,2022,5,2,17099
E7,,2022,6,23,8214
E7,,2022,7,150,1774
E7,,2022,8,43,82562
E7,,2022,9,0,146846
E7,,2022,10,0,268359
E7,,2022,11,0,122218
E7,,2022,12,0,75665
E7,,2022,1,242,221987
E7,,2022,2,87,59332
E7,,2022,3,33,58308
E7,,2022,4,88,37657
E7,,2022,5,1,16874
E7,,2022,6,38,12010
E7,,2022,7,153,518
E7,,2022,8,70,69081
E7,,2022,9,0,141992
E7,,2022,10,0,379098
E7,,2022,11,0,247337
E7,,2022,12,0,133121
E4,,2022,1,28,475
E4,,2022,2,15,336
E4,,2022,3,171,109
E4,,2022,4,104,165
E4,,2022,5,293,2158
E4,,2022,6,181,0
E4,,2022,7,169,0
E4,,2022,8,104,0
E4,,2022,9,28,0
E4,,2022,10,23,2
E4,,2022,11,121,1437
E4,,2022,12,0,139
E4,,2022,1,18,1228
E4,,2022,2,8,554
E4,,2022,3,90,203
E4,,2022,4,60,241
E4,,2022,5,185,4887
E4,,2022,6,128,0
E4,,2022,7,125,0
E4,,2022,8,77,0
E4,,2022,9,26,0
E4,,2022,10,8,12
E4,,2022,11,129,6228
E4,,2022,12,0,2211
E3,,2022,1,205,11811
E3,,2022,2,93,10933
E3,,2022,3,181,3090
E3,,2022,4,51,3138
E3,,2022,5,35,2808
E3,,2022,6,69,1825
E3,,2022,7,2,2
E3,,2022,8,77,1464
E3,,2022,9,156,15323
E3,,2022,10,153,8720
E3,,2022,11,44,3465
E3,,2022,12,0,14266
E3,,2022,1,257,7297
E3,,2022,2,104,3534
E3,,2022,3,115,1090
E3,,2022,4,31,2060
E3,,2022,5,40,106
E3,,2022,6,11,8
E3,,2022,7,6,47
E3,,2022,8,31,0
E3,,2022,9,99,461
E3,,2022,10,89,4001
E3,,2022,11,133,5210
E3,,2022,12,0,2271
E3,,2022,1,341,6078
E3,,2022,2,102,3048
E3,,2022,3,107,1047
E3,,2022,4,19,2855
E3,,2022,5,18,105
E3,,2022,6,15,79
E3,,2022,7,1,0
E3,,2022,8,19,0
E3,,2022,9,105,8064
E3,,2022,10,59,2655
E3,,2022,11,51,3101
E3,,2022,12,0,4589
E3,,2022,1,281,13389
E3,,2022,2,109,11305
E3,,2022,3,127,2179
E3,,2022,4,26,1115
E3,,2022,5,21,3938
E3,,2022,6,55,925
E3,,2022,7,0,0
E3,,2022,8,87,3599
E3,,2022,9,126,14883
E3,,2022,10,111,10034
E3,,2022,11,37,3139
E3,,2022,12,0,13962
E3,,2022,1,238,5233
E3,,2022,2,149,5725
E3,,2022,3,274,576
E3,,2022,4,255,3745
E3,,2022,5,109,900
E3,,2022,6,334,364
E3,,2022,7,80,637
E3,,2022,8,135,1167
E3,,2022,9,250,6844
E3,,2022,10,209,7824
E3,,2022,11,43,1641
E3,,2022,12,0,7525
E6,,2022,1,358,125274
E6,,2022,2,215,178121
E6,,2022,3,289,49290
E6,,2022,4,92,60481
E6,,2022,5,24,11860
E6,,2022,6,39,24454
E6,,2022,7,1,309
E6,,2022,8,3,52
E6,,2022,9,9,23995
E6,,2022,10,78,149904
E6,,2022,11,383,196828
E6,,2022,12,0,159698
E6,,2022,1,323,93497
E6,,2022,2,196,230255
E6,,2022,3,173,72768
E6,,2022,4,46,50919
E6,,2022,5,3,4918
E6,,2022,6,0,109
E6,,2022,7,0,1
E6,,2022,8,0,0
E6,,2022,9,36,74070
E6,,2022,10,36,115182
E6,,2022,11,225,190017
E6,,2022,12,0,106373
E6,,2022,1,302,141333
E6,,2022,2,221,270624
E6,,2022,3,262,86548
E6,,2022,4,45,83808
E6,,2022,5,16,16207
E6,,2022,6,3,3560
E6,,2022,7,0,0
E6,,2022,8,0,20
E6,,2022,9,27,62529
E6,,2022,10,74,200443
E6,,2022,11,237,225282
E6,,2022,12,0,183186
E1,,2023,1,211,8598
E1,,2023,2,47,1708
E1,,2023,3,90,14483
E1,,2023,4,46,768
E1,,2023,5,0,2235
E1,,2023,6,,
E1,,2023,7,,
E1,,2023,8,,
E1,,2023,9,,
E1,,2023,10,,
E1,,2023,11,,
E1,,2023,12,,
E1,,2023,1,233,19768
E1,,2023,2,64,31461
E1,,2023,3,182,61537
E1,,2023,4,71,10256
E1,,2023,5,0,8503
E1,,2023,6,,
E1,,2023,7,,
E1,,2023,8,,
E1,,2023,9,,
E1,,2023,10,,
E1,,2023,11,,
E1,,2023,12,,
E1,,2023,1,186,11176
E1,,2023,2,58,11872
E1,,2023,3,124,51935
E1,,2023,4,47,11658
E1,,2023,5,0,9408
E1,,2023,6,,
E1,,2023,7,,
E1,,2023,8,,
E1,,2023,9,,
E1,,2023,10,,
E1,,2023,11,,
E1,,2023,12,,
E2,,2023,1,265,2039
E2,,2023,2,23,2727
E2,,2023,3,65,488
E2,,2023,4,9,48
E2,,2023,5,0,1
E2,,2023,6,,
E2,,2023,7,,
E2,,2023,8,,
E2,,2023,9,,
E2,,2023,10,,
E2,,2023,11,,
E2,,2023,12,,
E2,,2023,1,253,8850
E2,,2023,2,37,16522
E2,,2023,3,62,2846
E2,,2023,4,12,592
E2,,2023,5,0,16
E2,,2023,6,,
E2,,2023,7,,
E2,,2023,8,,
E2,,2023,9,,
E2,,2023,10,,
E2,,2023,11,,
E2,,2023,12,,
E2,,2023,1,199,3113
E2,,2023,2,38,2823
E2,,2023,3,31,331
E2,,2023,4,26,697
E2,,2023,5,0,627
E2,,2023,6,,
E2,,2023,7,,
E2,,2023,8,,
E2,,2023,9,,
E2,,2023,10,,
E2,,2023,11,,
E2,,2023,12,,
E2,,2023,1,255,3376
E2,,2023,2,38,8106
E2,,2023,3,65,649
E2,,2023,4,3,79
E2,,2023,5,0,102
E2,,2023,6,,
E2,,2023,7,,
E2,,2023,8,,
E2,,2023,9,,
E2,,2023,10,,
E2,,2023,11,,
E2,,2023,12,,
E2,,2023,1,293,1372
E2,,2023,2,37,2655
E2,,2023,3,115,1045
E2,,2023,4,19,32
E2,,2023,5,0,109
E2,,2023,6,,
E2,,2023,7,,
E2,,2023,8,,
E2,,2023,9,,
E2,,2023,10,,
E2,,2023,11,,
E2,,2023,12,,
E2,,2023,1,276,3087
E2,,2023,2,47,4990
E2,,2023,3,79,1244
E2,,2023,4,14,408
E2,,2023,5,0,233
E2,,2023,6,,
E2,,2023,7,,
E2,,2023,8,,
E2,,2023,9,,
E2,,2023,10,,
E2,,2023,11,,
E2,,2023,12,,
E8,,2023,1,215,250426
E8,,2023,2,74,157871
E8,,2023,3,114,105215
E8,,2023,4,63,44174
E8,,2023,5,0,4734
E8,,2023,6,,
E8,,2023,7,,
E8,,2023,8,,
E8,,2023,9,,
E8,,2023,10,,
E8,,2023,11,,
E8,,2023,12,,
E8,,2023,1,205,384938
E8,,2023,2,172,284172
E8,,2023,3,118,262350
E8,,2023,4,103,88052
E8,,2023,5,0,59958
E8,,2023,6,,
E8,,2023,7,,
E8,,2023,8,,
E8,,2023,9,,
E8,,2023,10,,
E8,,2023,11,,
E8,,2023,12,,
E8,,2023,1,159,153730
E8,,2023,2,110,109253
E8,,2023,3,128,56654
E8,,2023,4,65,61200
E8,,2023,5,0,6667
E8,,2023,6,,
E8,,2023,7,,
E8,,2023,8,,
E8,,2023,9,,
E8,,2023,10,,
E8,,2023,11,,
E8,,2023,12,,
E9,,2023,1,271,276742
E9,,2023,2,91,279418
E9,,2023,3,76,73086
E9,,2023,4,9,19119
E9,,2023,5,0,6115
E9,,2023,6,0,110
E9,,2023,7,,
E9,,2023,8,,
E9,,2023,9,,
E9,,2023,10,,
E9,,2023,11,,
E9,,2023,12,,
E9,,2023,1,178,75671
E9,,2023,2,94,71660
E9,,2023,3,95,50336
E9,,2023,4,42,24436
E9,,2023,5,0,29441
E9,,2023,6,,
E9,,2023,7,,
E9,,2023,8,,
E9,,2023,9,,
E9,,2023,10,,
E9,,2023,11,,
E9,,2023,12,,
E9,,2023,1,241,96872
E9,,2023,2,60,81616
E9,,2023,3,132,33242
E9,,2023,4,9,6538
E9,,2023,5,0,6826
E9,,2023,6,,
E9,,2023,7,,
E9,,2023,8,,
E9,,2023,9,,
E9,,2023,10,,
E9,,2023,11,,
E9,,2023,12,,
E9,,2023,1,253,117281
E9,,2023,2,90,98490
E9,,2023,3,123,24920
E9,,2023,4,12,14179
E9,,2023,5,0,3634
E9,,2023,6,0,23
E9,,2023,7,,
E9,,2023,8,,
E9,,2023,9,,
E9,,2023,10,,
E9,,2023,11,,
E9,,2023,12,,
E9,,2023,1,263,106772
E9,,2023,2,93,200487
E9,,2023,3,102,67959
E9,,2023,4,17,23275
E9,,2023,5,0,31721
E9,,2023,6,0,1199
E9,,2023,7,,
E9,,2023,8,,
E9,,2023,9,,
E9,,2023,10,,
E9,,2023,11,,
E9,,2023,12,,
E9,,2023,1,228,141531
E9,,2023,2,127,145158
E9,,2023,3,140,68391
E9,,2023,4,35,37239
E9,,2023,5,0,33049
E9,,2023,6,0,429
E9,,2023,7,,
E9,,2023,8,,
E9,,2023,9,,
E9,,2023,10,,
E9,,2023,11,,
E9,,2023,12,,
E5,,2023,1,34,897
E5,,2023,2,45,6159
E5,,2023,3,56,3714
E5,,2023,4,45,651
E5,,2023,5,0,1246
E5,,2023,6,,
E5,,2023,7,,
E5,,2023,8,,
E5,,2023,9,,
E5,,2023,10,,
E5,,2023,11,,
E5,,2023,12,,
E5,,2023,1,45,62
E5,,2023,2,38,214
E5,,2023,3,46,347
E5,,2023,4,24,2
E5,,2023,5,0,4
E5,,2023,6,,
E5,,2023,7,,
E5,,2023,8,,
E5,,2023,9,,
E5,,2023,10,,
E5,,2023,11,,
E5,,2023,12,,
E5,,2023,1,85,90
E5,,2023,2,47,657
E5,,2023,3,94,272
E5,,2023,4,49,24
E5,,2023,5,0,33
E5,,2023,6,,
E5,,2023,7,,
E5,,2023,8,,
E5,,2023,9,,
E5,,2023,10,,
E5,,2023,11,,
E5,,2023,12,,
E5,,2023,1,72,27635
E5,,2023,2,71,29145
E5,,2023,3,128,14546
E5,,2023,4,37,7752
E5,,2023,5,0,2800
E5,,2023,6,,
E5,,2023,7,,
E5,,2023,8,,
E5,,2023,9,,
E5,,2023,10,,
E5,,2023,11,,
E5,,2023,12,,
E7,,2023,1,169,22351
E7,,2023,2,101,20825
E7,,2023,3,139,42673
E7,,2023,4,48,7180
E7,,2023,5,0,26286
E7,,2023,6,0,93
E7,,2023,7,,
E7,,2023,8,,
E7,,2023,9,,
E7,,2023,10,,
E7,,2023,11,,
E7,,2023,12,,
E7,,2023,1,178,17131
E7,,2023,2,59,28993
E7,,2023,3,134,29706
E7,,2023,4,52,12403
E7,,2023,5,0,33206
E7,,2023,6,0,324
E7,,2023,7,,
E7,,2023,8,,
E7,,2023,9,,
E7,,2023,10,,
E7,,2023,11,,
E7,,2023,12,,
E7,,2023,1,185,40126
E7,,2023,2,67,43566
E7,,2023,3,120,60094
E7,,2023,4,34,20129
E7,,2023,5,0,39957
E7,,2023,6,0,32
E7,,2023,7,,
E7,,2023,8,,
E7,,2023,9,,
E7,,2023,10,,
E7,,2023,11,,
E7,,2023,12,,
E4,,2023,1,23,18
E4,,2023,2,22,592
E4,,2023,3,98,184
E4,,2023,4,107,46
E4,,2023,5,0,2
E4,,2023,6,,
E4,,2023,7,,
E4,,2023,8,,
E4,,2023,9,,
E4,,2023,10,,
E4,,2023,11,,
E4,,2023,12,,
E4,,2023,1,15,519
E4,,2023,2,20,594
E4,,2023,3,54,1178
E4,,2023,4,79,187
E4,,2023,5,0,13
E4,,2023,6,,
E4,,2023,7,,
E4,,2023,8,,
E4,,2023,9,,
E4,,2023,10,,
E4,,2023,11,,
E4,,2023,12,,
E3,,2023,1,207,12750
E3,,2023,2,89,6309
E3,,2023,3,127,6182
E3,,2023,4,23,3341
E3,,2023,5,,
E3,,2023,6,,
E3,,2023,7,,
E3,,2023,8,,
E3,,2023,9,,
E3,,2023,10,,
E3,,2023,11,,
E3,,2023,12,,
E3,,2023,1,197,5957
E3,,2023,2,54,7569
E3,,2023,3,87,4271
E3,,2023,4,50,875
E3,,2023,5,,
E3,,2023,6,,
E3,,2023,7,,
E3,,2023,8,,
E3,,2023,9,,
E3,,2023,10,,
E3,,2023,11,,
E3,,2023,12,,
E3,,2023,1,212,8732
E3,,2023,2,42,4074
E3,,2023,3,91,3267
E3,,2023,4,44,2506
E3,,2023,5,,
E3,,2023,6,,
E3,,2023,7,,
E3,,2023,8,,
E3,,2023,9,,
E3,,2023,10,,
E3,,2023,11,,
E3,,2023,12,,
E3,,2023,1,226,19258
E3,,2023,2,145,8851
E3,,2023,3,142,3760
E3,,2023,4,21,14637
E3,,2023,5,,
E3,,2023,6,,
E3,,2023,7,,
E3,,2023,8,,
E3,,2023,9,,
E3,,2023,10,,
E3,,2023,11,,
E3,,2023,12,,
E3,,2023,1,123,5607
E3,,2023,2,26,1623
E3,,2023,3,77,2223
E3,,2023,4,14,856
E3,,2023,5,,
E3,,2023,6,,
E3,,2023,7,,
E3,,2023,8,,
E3,,2023,9,,
E3,,2023,10,,
E3,,2023,11,,
E3,,2023,12,,
E6,,2023,1,201,229212
E6,,2023,2,151,201715
E6,,2023,3,135,86095
E6,,2023,4,71,27088
E6,,2023,5,0,20008
E6,,2023,6,,
E6,,2023,7,,
E6,,2023,8,,
E6,,2023,9,,
E6,,2023,10,,
E6,,2023,11,,
E6,,2023,12,,
E6,,2023,1,193,253381
E6,,2023,2,78,274040
E6,,2023,3,48,68926
E6,,2023,4,64,9203
E6,,2023,5,0,2937
E6,,2023,6,0,7
E6,,2023,7,,
E6,,2023,8,,
E6,,2023,9,,
E6,,2023,10,,
E6,,2023,11,,
E6,,2023,12,,
E6,,2023,1,219,362349
E6,,2023,2,62,339376
E6,,2023,3,106,86063
E6,,2023,4,39,20406
E6,,2023,5,0,11501
E6,,2023,6,,
E6,,2023,7,,
E6,,2023,8,,
E6,,2023,9,,
E6,,2023,10,,
E6,,2023,11,,
E6,,2023,12,,
